accession,superkingdom,phylum,class,order,family,genus,species,strain
AE000782,Archaea,Euryarchaeota,Archaeoglobi,Archaeoglobales,Archaeoglobaceae,Archaeoglobus,Archaeoglobus fulgidus,Archaeoglobus fulgidus DSM 4304
NC_000909,Archaea,Euryarchaeota,Methanococci,Methanococcales,Methanocaldococcaceae,Methanocaldococcus,Methanocaldococcus jannaschii,Methanocaldococcus jannaschii DSM 2661
NC_003272,Bacteria,Cyanobacteria,,Nostocales,Nostocaceae,Nostoc,Nostoc sp. PCC 7120,
AE009441,Archaea,Crenarchaeota,Thermoprotei,Thermoproteales,Thermoproteaceae,Pyrobaculum,Pyrobaculum aerophilum,Pyrobaculum aerophilum str. IM2
AE009950,Archaea,Euryarchaeota,Thermococci,Thermococcales,Thermococcaceae,Pyrococcus,Pyrococcus furiosus,Pyrococcus furiosus DSM 3638
AE009951,Bacteria,Fusobacteria,Fusobacteriia,Fusobacteriales,Fusobacteriaceae,Fusobacterium,Fusobacterium nucleatum,
AE010299,Archaea,Euryarchaeota,Methanomicrobia,Methanosarcinales,Methanosarcinaceae,Methanosarcina,Methanosarcina acetivorans,Methanosarcina acetivorans C2A
AE009439,Archaea,Euryarchaeota,Methanopyri,Methanopyrales,Methanopyraceae,Methanopyrus,Methanopyrus kandleri,Methanopyrus kandleri AV19
NC_003911,Bacteria,Proteobacteria,Alphaproteobacteria,Rhodobacterales,Rhodobacteraceae,Ruegeria,Ruegeria pomeroyi,Ruegeria pomeroyi DSS-3
AE006470,Bacteria,Chlorobi,Chlorobia,Chlorobiales,Chlorobiaceae,Chlorobaculum,Chlorobaculum tepidum,Chlorobaculum tepidum TLS
AE015928,Bacteria,Bacteroidetes,Bacteroidia,Bacteroidales,Bacteroidaceae,Bacteroides,Bacteroides thetaiotaomicron,Bacteroides thetaiotaomicron VPI-5482
AL954747,Bacteria,Proteobacteria,Betaproteobacteria,Nitrosomonadales,Nitrosomonadaceae,Nitrosomonas,Nitrosomonas europaea,Nitrosomonas europaea ATCC 19718
BX119912,Bacteria,Planctomycetes,Planctomycetia,Planctomycetales,Planctomycetaceae,Rhodopirellula,Rhodopirellula baltica,Rhodopirellula baltica SH 1
BX571656,Bacteria,Proteobacteria,Epsilonproteobacteria,Campylobacterales,Helicobacteraceae,Wolinella,Wolinella succinogenes,Wolinella succinogenes DSM 1740
AE017180,Bacteria,Proteobacteria,Deltaproteobacteria,Desulfuromonadales,Geobacteraceae,Geobacter,Geobacter sulfurreducens,Geobacter sulfurreducens PCA
AE017226,Bacteria,Spirochaetes,Spirochaetia,Spirochaetales,Spirochaetaceae,Treponema,Treponema denticola,Treponema denticola ATCC 35405
BX950229,Archaea,Euryarchaeota,Methanococci,Methanococcales,Methanococcaceae,Methanococcus,Methanococcus maripaludis,Methanococcus maripaludis S2
AE017221,Bacteria,Deinococcus-Thermus,Deinococci,Thermales,Thermaceae,Thermus,Thermus thermophilus,Thermus thermophilus HB27
BA000001,Archaea,Euryarchaeota,Thermococci,Thermococcales,Thermococcaceae,Pyrococcus,Pyrococcus horikoshii,Pyrococcus horikoshii OT3
BA000023,Archaea,Crenarchaeota,Thermoprotei,Sulfolobales,Sulfolobaceae,Sulfolobus,Sulfolobus tokodaii,Sulfolobus tokodaii str. 7
NC_007951,Bacteria,Proteobacteria,Betaproteobacteria,Burkholderiales,Burkholderiaceae,Paraburkholderia,Paraburkholderia xenovorans,Paraburkholderia xenovorans LB400
CP000492,Bacteria,Chlorobi,Chlorobia,Chlorobiales,Chlorobiaceae,Chlorobium,Chlorobium phaeobacteroides,Chlorobium phaeobacteroides DSM 266
NC_008751,Bacteria,Proteobacteria,Deltaproteobacteria,Desulfovibrionales,Desulfovibrionaceae,Desulfovibrio,Desulfovibrio vulgaris,Desulfovibrio vulgaris DP4
CP000568,Bacteria,Firmicutes,Clostridia,Clostridiales,Ruminococcaceae,Ruminiclostridium,Ruminiclostridium thermocellum,Ruminiclostridium thermocellum ATCC 27405
CP000561,Archaea,Crenarchaeota,Thermoprotei,Thermoproteales,Thermoproteaceae,Pyrobaculum,Pyrobaculum calidifontis,Pyrobaculum calidifontis JCM 11548
CP000609,Archaea,Euryarchaeota,Methanococci,Methanococcales,Methanococcaceae,Methanococcus,Methanococcus maripaludis,Methanococcus maripaludis C5
CP000607,Bacteria,Chlorobi,Chlorobia,Chlorobiales,Chlorobiaceae,Chlorobium,Chlorobium phaeovibrioides,Chlorobium phaeovibrioides DSM 265
CP000660,Archaea,Crenarchaeota,Thermoprotei,Thermoproteales,Thermoproteaceae,Pyrobaculum,Pyrobaculum arsenaticum,Pyrobaculum arsenaticum DSM 13514
CP000667,Bacteria,Actinobacteria,Actinobacteria,Micromonosporales,Micromonosporaceae,Salinispora,Salinispora tropica,Salinispora tropica CNB-440
CP000679,Bacteria,Firmicutes,Clostridia,Thermoanaerobacterales,Thermoanaerobacterales Family III. Incertae Sedis,Caldicellulosiruptor,Caldicellulosiruptor saccharolyticus,Caldicellulosiruptor saccharolyticus DSM 8903
CP000702,Bacteria,Thermotogae,Thermotogae,Thermotogales,Thermotogaceae,Thermotoga,Thermotoga petrophila,Thermotoga petrophila RKU-1
CP000139,Bacteria,Bacteroidetes,Bacteroidia,Bacteroidales,Bacteroidaceae,Bacteroides,Bacteroides vulgatus,Bacteroides vulgatus ATCC 8482
NC_009665,Bacteria,Proteobacteria,Gammaproteobacteria,Alteromonadales,Shewanellaceae,Shewanella,Shewanella baltica,Shewanella baltica OS185
CP000816,Archaea,Crenarchaeota,Thermoprotei,Desulfurococcales,Desulfurococcaceae,Ignicoccus,Ignicoccus hospitalis,Ignicoccus hospitalis KIN4/I
CP000850,Bacteria,Actinobacteria,Actinobacteria,Micromonosporales,Micromonosporaceae,Salinispora,Salinispora arenicola,Salinispora arenicola CNS-205
CP000909,Bacteria,Chloroflexi,Chloroflexia,Chloroflexales,Chloroflexaceae,Chloroflexus,Chloroflexus aurantiacus,Chloroflexus aurantiacus J-10-fl
CP000924,Bacteria,Firmicutes,Clostridia,Thermoanaerobacterales,Thermoanaerobacteraceae,Thermoanaerobacter,Thermoanaerobacter pseudethanolicus,Thermoanaerobacter pseudethanolicus ATCC 33223
CP000969,Bacteria,Thermotogae,Thermotogae,Thermotogales,Thermotogaceae,Thermotoga,Thermotoga sp. RQ2,
CP001013,Bacteria,Proteobacteria,Betaproteobacteria,Burkholderiales,,Leptothrix,Leptothrix cholodnii,Leptothrix cholodnii SP-6
CP001071,Bacteria,Verrucomicrobia,Verrucomicrobiae,Verrucomicrobiales,Akkermansiaceae,Akkermansia,Akkermansia muciniphila,Akkermansia muciniphila ATCC BAA-835
AP009380,Bacteria,Bacteroidetes,Bacteroidia,Bacteroidales,Porphyromonadaceae,Porphyromonas,Porphyromonas gingivalis,Porphyromonas gingivalis ATCC 33277
NC_010730,Bacteria,Aquificae,Aquificae,Aquificales,Hydrogenothermaceae,Sulfurihydrogenibium,Sulfurihydrogenibium sp. YO3AOP1,
CP001097,Bacteria,Chlorobi,Chlorobia,Chlorobiales,Chlorobiaceae,Chlorobium,Chlorobium limicola,Chlorobium limicola DSM 245
CP001110,Bacteria,Chlorobi,Chlorobia,Chlorobiales,Chlorobiaceae,Pelodictyon,Pelodictyon phaeoclathratiforme,Pelodictyon phaeoclathratiforme BU-1
CP001130,Bacteria,Aquificae,Aquificae,Aquificales,Aquificaceae,Hydrogenobaculum,Hydrogenobaculum sp. Y04AAS1,
NZ_CH959311,Bacteria,Proteobacteria,Alphaproteobacteria,Rhodobacterales,Rhodobacteraceae,Sulfitobacter,Sulfitobacter sp. EE-36,
NZ_CH959317,Bacteria,Proteobacteria,Alphaproteobacteria,Rhodobacterales,Rhodobacteraceae,Sulfitobacter,Sulfitobacter sp. NAS-14.1,
CP001251,Bacteria,Dictyoglomi,Dictyoglomia,Dictyoglomales,Dictyoglomaceae,Dictyoglomus,Dictyoglomus turgidum,Dictyoglomus turgidum DSM 6724
NC_011663,Bacteria,Proteobacteria,Gammaproteobacteria,Alteromonadales,Shewanellaceae,Shewanella,Shewanella baltica,Shewanella baltica OS223
CP000916,Bacteria,Thermotogae,Thermotogae,Thermotogales,Thermotogaceae,Thermotoga,Thermotoga neapolitana,Thermotoga neapolitana DSM 4359
NZ_DS996397,Bacteria,Proteobacteria,Deltaproteobacteria,Desulfovibrionales,Desulfovibrionaceae,Desulfovibrio,Desulfovibrio piger,Desulfovibrio piger ATCC 29098
CP001230,Bacteria,Aquificae,Aquificae,Aquificales,Hydrogenothermaceae,Persephonella,Persephonella marina,Persephonella marina EX-H1
CP001472,Bacteria,Acidobacteria,Acidobacteriia,Acidobacteriales,Acidobacteriaceae,Acidobacterium,Acidobacterium capsulatum,Acidobacterium capsulatum ATCC 51196
AP009153,Bacteria,Gemmatimonadetes,Gemmatimonadetes,Gemmatimonadales,Gemmatimonadaceae,Gemmatimonas,Gemmatimonas aurantiaca,Gemmatimonas aurantiaca T-27
CP001941,Archaea,Euryarchaeota,,,,Aciduliprofundum,Aciduliprofundum boonei,Aciduliprofundum boonei T469
NC_013968,Archaea,Euryarchaeota,Halobacteria,Haloferacales,Haloferacaceae,Haloferax,Haloferax volcanii,Haloferax volcanii DS2
NZ_KE136524,Bacteria,Firmicutes,Bacilli,Lactobacillales,Enterococcaceae,Enterococcus,Enterococcus faecalis,Enterococcus faecalis V583
NZ_KQ961402,Bacteria,Proteobacteria,Alphaproteobacteria,Sphingomonadales,Sphingomonadaceae,Zymomonas,Zymomonas mobilis,
NZ_CP015081,Bacteria,Deinococcus-Thermus,Deinococci,Deinococcales,Deinococcaceae,Deinococcus,Deinococcus radiodurans,Deinococcus radiodurans R1
NZ_ABZS01000228,Bacteria,Aquificae,Aquificae,Aquificales,Hydrogenothermaceae,Sulfurihydrogenibium,Sulfurihydrogenibium yellowstonense,Sulfurihydrogenibium yellowstonense SS-5
NZ_JGWU01000001,Bacteria,Proteobacteria,Betaproteobacteria,Burkholderiales,Alcaligenaceae,Bordetella,Bordetella bronchiseptica,Bordetella bronchiseptica D989
NZ_FWDH01000003,Bacteria,Firmicutes,Clostridia,Thermoanaerobacterales,Thermoanaerobacterales Family III. Incertae Sedis,Caldicellulosiruptor,Caldicellulosiruptor bescii,
NC_009972,Bacteria,Chloroflexi,Chloroflexia,Herpetosiphonales,Herpetosiphonaceae,Herpetosiphon,Herpetosiphon aurantiacus,Herpetosiphon aurantiacus DSM 785
NC_005213,Archaea,Nanoarchaeota,,Nanoarchaeales,Nanoarchaeaceae,Nanoarchaeum,Nanoarchaeum equitans,Nanoarchaeum equitans Kin4-M
GCF_002159845,d__Bacteria,p__Firmicutes_A,c__Clostridia,o__Oscillospirales,f__Acutalibacteraceae,g__Anaeromassilibacillus,s__Anaeromassilibacillus sp002159845
GCF_002159455,d__Bacteria,p__Firmicutes_A,c__Clostridia,o__Oscillospirales,f__Oscillospiraceae,g__Flavonifractor,s__Flavonifractor sp002159455
GCF_000723885,d__Bacteria,p__Firmicutes_I,c__Bacilli_A,o__Paenibacillales,f__Paenibacillaceae,g__Paenibacillus,s__Paenibacillus camerounensis
GCF_002160955,d__Bacteria,p__Firmicutes_A,c__Clostridia,o__Oscillospirales,f__Ruminococcaceae,g__Gemmiger_A,s__Gemmiger_A sp002160955
GCF_001305115,d__Bacteria,p__Firmicutes_A,c__Clostridia,o__Oscillospirales,f__Acutalibacteraceae,g__Anaeromassilibacillus,s__Anaeromassilibacillus sp001305115
GCF_001261775,d__Bacteria,p__Firmicutes_A,c__Clostridia,o__Oscillospirales,f__Acutalibacteraceae,g__Anaeromassilibacillus,s__Anaeromassilibacillus senegalensis
GCF_002160025,d__Bacteria,p__Firmicutes_A,c__Clostridia,o__Oscillospirales,f__Acutalibacteraceae,g__An200,s__An200 sp002160025
GCF_900104675,d__Bacteria,p__Firmicutes_A,c__Clostridia,o__Oscillospirales,f__Ruminococcaceae,g__Angelakisella,s__Angelakisella massiliensis
GCF_000169255,d__Bacteria,p__Firmicutes_A,c__Clostridia,o__Oscillospirales,f__Oscillospiraceae,g__Pseudoflavonifractor,s__Pseudoflavonifractor capillosus
GCF_900240245,d__Bacteria,p__Firmicutes_A,c__Clostridia,o__Lachnospirales,f__Lachnospiraceae,g__Lachnoclostridium_A,s__Lachnoclostridium_A edouardi
GCF_002160825,d__Bacteria,p__Firmicutes_A,c__Clostridia,o__Lachnospirales,f__Lachnospiraceae,g__GCA-900066575,s__GCA-900066575 sp002160825
GCF_000406165,d__Bacteria,p__Proteobacteria,c__Gammaproteobacteria,o__Enterobacterales,f__Enterobacteriaceae,g__Dickeya,s__Dickeya zeae
GCF_900199515,d__Bacteria,p__Firmicutes,c__Bacilli,o__Erysipelotrichales,f__Erysipelotrichaceae,g__OEMR01,s__OEMR01 sp900199515
GCA_900066505,d__Bacteria,p__Firmicutes_A,c__Clostridia,o__Lachnospirales,f__Lachnospiraceae,g__Blautia_A,s__Blautia_A sp900066505
GCF_001486665,d__Bacteria,p__Firmicutes_A,c__Clostridia,o__Oscillospirales,f__Ruminococcaceae,g__Fournierella,s__Fournierella massiliensis
GCF_900155395,d__Bacteria,p__Firmicutes,c__Bacilli,o__Erysipelotrichales,f__Erysipelotrichaceae,g__Merdibacter,s__Merdibacter massiliensis
GCF_900142265,d__Bacteria,p__Firmicutes_A,c__Clostridia,o__Lachnospirales,f__Anaerotignaceae,g__Anaerotignum,s__Anaerotignum lactatifermentans
GCA_900066645,d__Bacteria,p__Firmicutes_A,c__Clostridia,o__Oscillospirales,f__Oscillospiraceae,g__Lawsonibacter,s__Lawsonibacter sp900066645
GCF_900104665,d__Bacteria,p__Firmicutes,c__Bacilli,o__Erysipelotrichales,f__Erysipelotrichaceae,g__Traorella,s__Traorella massiliensis
GCF_900199495,d__Bacteria,p__Firmicutes_A,c__Clostridia,o__Oscillospirales,f__Oscillospiraceae,g__Flavonifractor,s__Flavonifractor sp900199495
GCA_001940855,d__Bacteria,p__Firmicutes_A,c__Clostridia,o__Christensenellales,f__CAG-138,g__Phil1,s__Phil1 sp001940855
GCF_002161595,d__Bacteria,p__Firmicutes_A,c__Clostridia,o__Oscillospirales,f__Ruminococcaceae,g__Fournierella,s__Fournierella sp002161595
GCF_000239295,d__Bacteria,p__Firmicutes_A,c__Clostridia,o__Oscillospirales,f__Oscillospiraceae,g__Flavonifractor,s__Flavonifractor plautii
GCA_002472405,d__Bacteria,p__Firmicutes_A,c__Clostridia,o__Oscillospirales,f__Oscillospiraceae,g__F23-B02,s__F23-B02 sp002472405
GCA_002313795,d__Bacteria,p__Firmicutes_A,c__Clostridia,o__Oscillospirales,f__Ruminococcaceae,g__Faecalibacterium,s__Faecalibacterium prausnitzii_L
GCA_000435295,d__Bacteria,p__Firmicutes_A,c__Clostridia,o__Oscillospirales,f__Oscillospiraceae,g__Ruminiclostridium_C,s__Ruminiclostridium_C sp000435295
GCF_900113995,d__Bacteria,p__Firmicutes_A,c__Clostridia,o__Oscillospirales,f__Ruminococcaceae,g__D5,s__D5 sp900113995
GCF_900169495,d__Bacteria,p__Firmicutes_A,c__Clostridia,o__Oscillospirales,f__Ruminococcaceae,g__Provencibacterium,s__Provencibacterium massiliense
GCA_003287405,d__Bacteria,p__Firmicutes_A,c__Clostridia,o__Oscillospirales,f__Ruminococcaceae,g__Faecalibacterium,s__Faecalibacterium prausnitzii_J
GCF_900142265,d__Bacteria,p__Firmicutes_A,c__Clostridia,o__Lachnospirales,f__Anaerotignaceae,g__Anaerotignum,s__Anaerotignum lactatifermentans
GCF_002159845,d__Bacteria,p__Firmicutes_A,c__Clostridia,o__Oscillospirales,f__Acutalibacteraceae,g__Anaeromassilibacillus,s__Anaeromassilibacillus sp002159845
GCF_002159455,d__Bacteria,p__Firmicutes_A,c__Clostridia,o__Oscillospirales,f__Oscillospiraceae,g__Flavonifractor,s__Flavonifractor sp002159455
GCA_002701605,d__Bacteria,p__Dadabacteria,c__UBA1144,o__UBA1144,f__UBA1144,g__TMED126,s__TMED126 sp002701605
GCF_000190735,d__Bacteria,p__Bacteroidota,c__Bacteroidia,o__Sphingobacteriales,f__Sphingobacteriaceae,g__Pseudopedobacter,s__Pseudopedobacter saltans
GCF_000258405,d__Bacteria,p__Bacteroidota,c__Ignavibacteria,o__Ignavibacteriales,f__Ignavibacteriaceae,g__Ignavibacterium,s__Ignavibacterium album
GCF_000969835,d__Bacteria,p__Bacteroidota,c__Bacteroidia,o__Bacteroidales,f__Tannerellaceae,g__Parabacteroides,s__Parabacteroides goldsteinii
GCF_001431405,d__Bacteria,p__Proteobacteria,c__Gammaproteobacteria,o__Xanthomonadales,f__Xanthomonadaceae,g__Pseudoxanthomonas_A,s__Pseudoxanthomonas_A dokdonensis
GCF_001431405,d__Bacteria,p__Proteobacteria,c__Gammaproteobacteria,o__Xanthomonadales,f__Xanthomonadaceae,g__Pseudoxanthomonas_A,s__Pseudoxanthomonas_A dokdonensis
GCA_002726335,d__Bacteria,p__Latescibacterota,c__UBA2968,o__UBA8231,f__UBA8231,g__UBA8231,s__UBA8231 sp002726335
GCA_002726655,d__Bacteria,p__Proteobacteria,c__Gammaproteobacteria,o__Pseudomonadales,f__HTCC2089,g__GCA-002726655,s__GCA-002726655 sp002726655
GCA_002501085,d__Bacteria,p__Gemmatimonadota,c__Gemmatimonadetes,o__SG8-23,f__UBA6960,g__UBA887,s__UBA887 sp002501085
GCA_002712305,d__Bacteria,p__Latescibacterota,c__UBA2968,o__UBA8231,f__UBA8231,g__UBA12574,s__UBA12574 sp002712305
GCA_002501065,d__Bacteria,p__Verrucomicrobiota,c__Verrucomicrobiae,o__Verrucomicrobiales,f__Akkermansiaceae,g__Roseibacillus,s__Roseibacillus sp002501065
GCA_002720975,d__Bacteria,p__Planctomycetota,c__UBA1135,o__UBA1135,f__GCA-002686595,g__GCA-2720975,s__GCA-2720975 sp002720975
GCA_002685755,d__Bacteria,p__UBA8248,c__UBA8248,o__UBA8248,f__UBA8248,g__UBA8248,s__UBA8248 sp002685755
GCA_002726085,d__Bacteria,p__Acidobacteriota,c__Vicinamibacteria,o__Vicinamibacterales,f__UBA8438,g__UBA8438,s__UBA8438 sp002726085
GCA_002328165,d__Bacteria,p__Desulfobacterota,c__Desulfobacteria,o__Desulfobacterales,f__UBA2156,g__UBA2156,s__UBA2156 sp002328165
GCA_002730485,d__Bacteria,p__Chloroflexota,c__Dehalococcoidia,o__UBA3495,f__UBA3495,g__UBA9611,s__UBA9611 sp002730485
GCA_002730555,d__Bacteria,p__Chloroflexota,c__Dehalococcoidia,o__UBA1151,f__UBA1151,g__GCA-2730555,s__GCA-2730555 sp002730555
GCA_002725625,d__Bacteria,p__Proteobacteria,c__Alphaproteobacteria,o__Rhodospirillales_A,f__UBA2165,g__GCA-2725625,s__GCA-2725625 sp002725625
GCA_002731215,d__Bacteria,p__Acidobacteriota,c__UBA890,o__UBA890,f__UBA890,g__UBA890,s__UBA890 sp002731215
GCA_002724575,d__Bacteria,p__Gemmatimonadota,c__Gemmatimonadetes,o__SG8-23,f__UBA6960,g__UBA887,s__UBA887 sp002724575
GCA_002686255,d__Bacteria,p__Proteobacteria,c__Alphaproteobacteria,o__Rhodospirillales_A,f__Casp-alpha2,g__Casp-alpha2,s__Casp-alpha2 sp002686255
GCA_002730735,d__Bacteria,p__Acidobacteriota,c__Vicinamibacteria,o__Vicinamibacterales,f__UBA823,g__UBA11600,s__UBA11600 sp002730735
GCA_002327525,d__Bacteria,p__Proteobacteria,c__Gammaproteobacteria,o__Pseudomonadales,f__HTCC2089,g__UBA2168,s__UBA2168 sp002327525
GCA_002687255,d__Archaea,p__Nanoarchaeota,c__Nanoarchaeia,o__Pacearchaeales,f__UBA73,g__ARS50,s__ARS50 sp002687255
GCA_002721705,d__Bacteria,p__Verrucomicrobiota,c__Verrucomicrobiae,o__Opitutales,f__MB11C04,g__UBA2993,s__UBA2993 sp002721705
GCA_002721895,d__Bacteria,p__Verrucomicrobiota,c__Verrucomicrobiae,o__Pedosphaerales,f__UBA1100,g__UBA6614,s__UBA6614 sp002721895
GCA_002726595,d__Bacteria,p__Proteobacteria,c__Gammaproteobacteria,o__Pseudomonadales,f__Pseudohongiellaceae,g__UBA9145,s__UBA9145 sp002726595
GCA_002348385,d__Bacteria,p__Proteobacteria,c__Gammaproteobacteria,o__Pseudomonadales,f__HTCC2089,g__UBA2965,s__UBA2965 sp002348385
GCA_002348705,d__Bacteria,p__Actinobacteriota,c__Acidimicrobiia,o__Microtrichales,f__MedAcidi-G1,g__UBA9410,s__UBA9410 sp002348705
GCA_002453165,d__Bacteria,p__Verrucomicrobiota,c__Verrucomicrobiae,o__Pedosphaerales,f__UBA1096,g__UBA1096,s__UBA1096 sp002453165
GCA_002687745,d__Bacteria,p__Actinobacteriota,c__Acidimicrobiia,o__Microtrichales,f__MedAcidi-G1,g__UBA3125,s__UBA3125 sp002687745
GCA_002690215,d__Bacteria,p__Proteobacteria,c__Alphaproteobacteria,o__UBA2966,f__UBA2966,g__GCA-2690215,s__GCA-2690215 sp002690215
GCA_002722645,d__Bacteria,p__Acidobacteriota,c__UBA890,o__UBA890,f__UBA890,g__UBA890,s__UBA890 sp002722645
GCA_003220435,d__Bacteria,p__Methylomirabilota,c__Methylomirabilia,o__Rokubacteriales,f__GWA2-73-35,g__AR31,s__AR31 sp003220435
GCF_000484535,d__Bacteria,p__Cyanobacteria,c__Cyanobacteriia,o__Gloeobacterales,f__Gloeobacteraceae,g__Gloeobacter,s__Gloeobacter kilaueensis
